{
  "project_info": {
    "project_number": "1041394445916",
    "project_id": "fyp-fashionapp",
    "storage_bucket": "fyp-fashionapp.appspot.com"
  },
  "client": [
    {
      "client_info": {
        "mobilesdk_app_id": "1:1041394445916:android:78bb9ef6885843fffc4099",
        "android_client_info": {
          "package_name": "com.example.wardrobebuddy.com.firebaseauth"
        }
      },
      "oauth_client": [],
      "api_key": [
        {
          "current_key": "AIzaSyCZ0RMMm7qJQ3iST5R9XWoXtAw_IUXU0fs"
        }
      ],
      "services": {
        "appinvite_service": {
          "other_platform_oauth_client": []
        }
      }
    }
  ],
  "configuration_version": "1"
}